{"cameraMode":{"drawMode":0,"name":"Shaded","section":"Shading Mode"},"sceneLighting":false,"audioPlay":false,"sceneViewState":{"showFog":true,"showMaterialUpdate":false,"showSkybox":false,"showFlares":true,"showImageEffects":true,"showParticleSystems":true,"showVisualEffectGraphs":true,"m_FxEnabled":true},"in2DMode":false,"pivot":{"x":0.005227789282798767,"y":-0.19815047085285188,"z":-0.044460803270339969},"rotation":{"x":0.04120488464832306,"y":-0.7505776882171631,"z":-0.0472000390291214,"w":-0.6579338908195496},"size":0.11307412385940552,"orthographic":false}